text,label
"This movie was absolutely fantastic! The acting was superb and the plot kept me engaged throughout.",1
"I couldn't even finish watching this. The plot was confusing and the acting was terrible.",0
"One of the best films I've seen this year. The cinematography was breathtaking.",1
"Waste of time and money. The special effects were cheap and the dialogue was cringe-worthy.",0
"A masterpiece of modern cinema. Every scene was perfectly crafted.",1
"Boring and predictable. I've seen better acting in student films.",0
"The director's vision really shines through. A must-watch for any film enthusiast.",1
"Poor character development and plot holes everywhere. Very disappointing.",0
"Incredible performances by the entire cast. The ending left me speechless.",1
"The pacing was off and the story made no sense. Would not recommend.",0
"A beautiful blend of storytelling and visual effects. Simply amazing!",1
"Terrible screenplay and wooden acting. Save your money.",0
"This film exceeded all my expectations. A true cinematic achievement.",1
"Mediocre at best. The plot was full of clich√©s and the ending was predictable.",0
"Outstanding direction and powerful performances. A must-see film!",1
"The worst movie I've seen in years. Complete waste of potential.",0
"Brilliant storytelling with amazing visual effects. A perfect 10/10!",1
"Poorly executed and lacking any real substance. Very disappointing.",0
"An absolute gem! The soundtrack perfectly complemented the story.",1
"Dull, boring, and completely forgettable. Don't bother watching.",0
